Benua,Luas,Populasi
Afrika,1030.9616869699862,111.01576464628796
Amerika,4214.899405679808,102.0016339738405
Asia,6906.996394960693,616.5965455628177
Eropa,81.31727983645297,12.020815280171307
